"table_schema","table_name","ordinal_position","column_name","data_type","udt_name","character_maximum_length","numeric_precision","numeric_scale","datetime_precision","is_nullable","column_default","insert_requirement","column_comment"
"public","app_allocation_audit_log",1,"id","bigint","int8",,64,0,,"NO","nextval('app_allocation_audit_log_id_seq'::regclass)","AUTO_OR_DEFAULT_IF_OMITTED",
"public","app_allocation_audit_log",2,"created_at","timestamp with time zone","timestamptz",,,,6,"NO","now()","AUTO_OR_DEFAULT_IF_OMITTED",
"public","app_allocation_audit_log",3,"actor_user_id","text","text",,,,,"YES",,"OPTIONAL",
"public","app_allocation_audit_log",4,"actor_email","text","text",,,,,"YES",,"OPTIONAL",
"public","app_allocation_audit_log",5,"actor_display_name","text","text",,,,,"YES",,"OPTIONAL",
"public","app_allocation_audit_log",6,"page_key","text","text",,,,,"NO",,"REQUIRED_ON_INSERT",
"public","app_allocation_audit_log",7,"source_process","text","text",,,,,"NO",,"REQUIRED_ON_INSERT",
"public","app_allocation_audit_log",8,"entity_type","text","text",,,,,"NO",,"REQUIRED_ON_INSERT",
"public","app_allocation_audit_log",9,"item_code","text","text",,,,,"NO",,"REQUIRED_ON_INSERT",
"public","app_allocation_audit_log",10,"country_code","text","text",,,,,"YES",,"OPTIONAL",
"public","app_allocation_audit_log",11,"action_type","text","text",,,,,"NO",,"REQUIRED_ON_INSERT",
"public","app_allocation_audit_log",12,"status_before","boolean","bool",,,,,"YES",,"OPTIONAL",
"public","app_allocation_audit_log",13,"status_after","boolean","bool",,,,,"YES",,"OPTIONAL",
"public","app_allocation_audit_log",14,"metadata","jsonb","jsonb",,,,,"NO","'{}'::jsonb","AUTO_OR_DEFAULT_IF_OMITTED",
"public","app_allocation_audit_log",15,"bigcommerce_status","text","text",,,,,"YES",,"OPTIONAL",
"public","app_permission_pages",1,"id","uuid","uuid",,,,,"NO","gen_random_uuid()","AUTO_OR_DEFAULT_IF_OMITTED",
"public","app_permission_pages",2,"page_key","text","text",,,,,"NO",,"REQUIRED_ON_INSERT",
"public","app_permission_pages",3,"page_label","text","text",,,,,"NO",,"REQUIRED_ON_INSERT",
"public","app_permission_pages",4,"route_path","text","text",,,,,"NO",,"REQUIRED_ON_INSERT",
"public","app_permission_pages",5,"nav_group","text","text",,,,,"YES",,"OPTIONAL",
"public","app_permission_pages",6,"display_order","integer","int4",,32,0,,"NO","0","AUTO_OR_DEFAULT_IF_OMITTED",
"public","app_permission_pages",7,"is_active","boolean","bool",,,,,"NO","true","AUTO_OR_DEFAULT_IF_OMITTED",
"public","app_permission_pages",8,"created_at","timestamp with time zone","timestamptz",,,,6,"NO","now()","AUTO_OR_DEFAULT_IF_OMITTED",
"public","app_permission_pages",9,"updated_at","timestamp with time zone","timestamptz",,,,6,"NO","now()","AUTO_OR_DEFAULT_IF_OMITTED",
"public","app_sessions",1,"id","uuid","uuid",,,,,"NO","gen_random_uuid()","AUTO_OR_DEFAULT_IF_OMITTED",
"public","app_sessions",2,"user_id","uuid","uuid",,,,,"NO",,"REQUIRED_ON_INSERT",
"public","app_sessions",3,"session_token_hash","text","text",,,,,"NO",,"REQUIRED_ON_INSERT",
"public","app_sessions",4,"expires_at","timestamp with time zone","timestamptz",,,,6,"NO",,"REQUIRED_ON_INSERT",
"public","app_sessions",5,"created_at","timestamp with time zone","timestamptz",,,,6,"NO","now()","AUTO_OR_DEFAULT_IF_OMITTED",
"public","app_sessions",6,"last_seen_at","timestamp with time zone","timestamptz",,,,6,"YES",,"OPTIONAL",
"public","app_user_page_permissions",1,"id","uuid","uuid",,,,,"NO","gen_random_uuid()","AUTO_OR_DEFAULT_IF_OMITTED",
"public","app_user_page_permissions",2,"user_id","uuid","uuid",,,,,"NO",,"REQUIRED_ON_INSERT",
"public","app_user_page_permissions",3,"page_key","text","text",,,,,"NO",,"REQUIRED_ON_INSERT",
"public","app_user_page_permissions",4,"permission_level","text","text",,,,,"NO",,"REQUIRED_ON_INSERT",
"public","app_user_page_permissions",5,"created_at","timestamp with time zone","timestamptz",,,,6,"NO","now()","AUTO_OR_DEFAULT_IF_OMITTED",
"public","app_user_page_permissions",6,"updated_at","timestamp with time zone","timestamptz",,,,6,"NO","now()","AUTO_OR_DEFAULT_IF_OMITTED",
"public","app_users",1,"id","uuid","uuid",,,,,"NO","gen_random_uuid()","AUTO_OR_DEFAULT_IF_OMITTED",
"public","app_users",2,"email","text","text",,,,,"NO",,"REQUIRED_ON_INSERT",
"public","app_users",3,"display_name","text","text",,,,,"NO",,"REQUIRED_ON_INSERT",
"public","app_users",4,"password_hash","text","text",,,,,"NO",,"REQUIRED_ON_INSERT",
"public","app_users",5,"is_active","boolean","bool",,,,,"NO","true","AUTO_OR_DEFAULT_IF_OMITTED",
"public","app_users",6,"is_system_admin","boolean","bool",,,,,"NO","false","AUTO_OR_DEFAULT_IF_OMITTED",
"public","app_users",7,"last_login_at","timestamp with time zone","timestamptz",,,,6,"YES",,"OPTIONAL",
"public","app_users",8,"created_at","timestamp with time zone","timestamptz",,,,6,"NO","now()","AUTO_OR_DEFAULT_IF_OMITTED",
"public","app_users",9,"updated_at","timestamp with time zone","timestamptz",,,,6,"NO","now()","AUTO_OR_DEFAULT_IF_OMITTED",
"public","bc_item_variant_map",1,"id","bigint","int8",,64,0,,"NO","nextval('bc_item_variant_map_id_seq'::regclass)","AUTO_OR_DEFAULT_IF_OMITTED",
"public","bc_item_variant_map",2,"sku_code","text","text",,,,,"NO",,"REQUIRED_ON_INSERT",
"public","bc_item_variant_map",3,"item_type","text","text",,,,,"NO","'UNKNOWN'::text","AUTO_OR_DEFAULT_IF_OMITTED",
"public","bc_item_variant_map",4,"bc_product_id","integer","int4",,32,0,,"YES",,"OPTIONAL",
"public","bc_item_variant_map",5,"bc_variant_id","integer","int4",,32,0,,"YES",,"OPTIONAL",
"public","bc_item_variant_map",6,"bc_sku_id","integer","int4",,32,0,,"YES",,"OPTIONAL",
"public","bc_item_variant_map",7,"bc_status","text","text",,,,,"NO","'UNKNOWN'::text","AUTO_OR_DEFAULT_IF_OMITTED",
"public","bc_item_variant_map",8,"bc_product_name","text","text",,,,,"YES",,"OPTIONAL",
"public","bc_item_variant_map",9,"bc_variant_sku","text","text",,,,,"YES",,"OPTIONAL",
"public","bc_item_variant_map",10,"bc_image_url","text","text",,,,,"YES",,"OPTIONAL",
"public","bc_item_variant_map",11,"bc_calculated_price","numeric","numeric",,12,2,,"YES",,"OPTIONAL",
"public","bc_item_variant_map",12,"bc_inventory_level","integer","int4",,32,0,,"YES",,"OPTIONAL",
"public","bc_item_variant_map",13,"bc_purchasing_disabled","boolean","bool",,,,,"YES",,"OPTIONAL",
"public","bc_item_variant_map",14,"bc_is_visible","boolean","bool",,,,,"YES",,"OPTIONAL",
"public","bc_item_variant_map",15,"bc_channels_json","jsonb","jsonb",,,,,"YES",,"OPTIONAL",
"public","bc_item_variant_map",16,"bc_channel_status","text","text",,,,,"NO","'UNKNOWN'::text","AUTO_OR_DEFAULT_IF_OMITTED",
"public","bc_item_variant_map",17,"bc_channel_last_checked_at","timestamp with time zone","timestamptz",,,,6,"YES",,"OPTIONAL",
"public","bc_item_variant_map",18,"bc_channel_last_error","text","text",,,,,"YES",,"OPTIONAL",
"public","bc_item_variant_map",19,"bc_variant_json","jsonb","jsonb",,,,,"YES",,"OPTIONAL",
"public","bc_item_variant_map",20,"bc_last_checked_at","timestamp with time zone","timestamptz",,,,6,"YES",,"OPTIONAL",
"public","bc_item_variant_map",21,"bc_last_error","text","text",,,,,"YES",,"OPTIONAL",
"public","bc_item_variant_map",22,"bc_error_code","text","text",,,,,"YES",,"OPTIONAL",
"public","bc_item_variant_map",23,"source_page","text","text",,,,,"YES",,"OPTIONAL",
"public","bc_item_variant_map",24,"source_system","text","text",,,,,"NO","'tp2-cpq-app'::text","AUTO_OR_DEFAULT_IF_OMITTED",
"public","bc_item_variant_map",25,"created_at","timestamp with time zone","timestamptz",,,,6,"NO","now()","AUTO_OR_DEFAULT_IF_OMITTED",
"public","bc_item_variant_map",26,"updated_at","timestamp with time zone","timestamptz",,,,6,"NO","now()","AUTO_OR_DEFAULT_IF_OMITTED",
"public","cpq_configuration_references",1,"id","bigint","int8",,64,0,,"NO","nextval('cpq_configuration_references_id_seq'::regclass)","AUTO_OR_DEFAULT_IF_OMITTED",
"public","cpq_configuration_references",2,"configuration_reference","text","text",,,,,"NO",,"REQUIRED_ON_INSERT",
"public","cpq_configuration_references",3,"canonical_header_id","text","text",,,,,"NO","'Simulator'::text","AUTO_OR_DEFAULT_IF_OMITTED",
"public","cpq_configuration_references",4,"canonical_detail_id","text","text",,,,,"NO",,"REQUIRED_ON_INSERT",
"public","cpq_configuration_references",5,"ruleset","text","text",,,,,"NO",,"REQUIRED_ON_INSERT",
"public","cpq_configuration_references",6,"namespace","text","text",,,,,"NO",,"REQUIRED_ON_INSERT",
"public","cpq_configuration_references",7,"product_description","text","text",,,,,"YES",,"OPTIONAL",
"public","cpq_configuration_references",8,"account_code","text","text",,,,,"YES",,"OPTIONAL",
"public","cpq_configuration_references",9,"country_code","text","text",,,,,"YES",,"OPTIONAL",
"public","cpq_configuration_references",10,"source_working_detail_id","text","text",,,,,"YES",,"OPTIONAL",
"public","cpq_configuration_references",11,"source_session_id","text","text",,,,,"YES",,"OPTIONAL",
"public","cpq_configuration_references",12,"json_snapshot","jsonb","jsonb",,,,,"NO","'{}'::jsonb","AUTO_OR_DEFAULT_IF_OMITTED",
"public","cpq_configuration_references",13,"is_active","boolean","bool",,,,,"NO","true","AUTO_OR_DEFAULT_IF_OMITTED",
"public","cpq_configuration_references",14,"created_at","timestamp with time zone","timestamptz",,,,6,"NO","now()","AUTO_OR_DEFAULT_IF_OMITTED",
"public","cpq_configuration_references",15,"updated_at","timestamp with time zone","timestamptz",,,,6,"NO","now()","AUTO_OR_DEFAULT_IF_OMITTED",
"public","cpq_configuration_references",16,"header_id","text","text",,,,,"YES",,"OPTIONAL",
"public","cpq_configuration_references",17,"finalized_detail_id","text","text",,,,,"YES",,"OPTIONAL",
"public","cpq_configuration_references",18,"source_header_id","text","text",,,,,"YES",,"OPTIONAL",
"public","cpq_configuration_references",19,"source_detail_id","text","text",,,,,"YES",,"OPTIONAL",
"public","cpq_configuration_references",20,"customer_id","text","text",,,,,"YES",,"OPTIONAL",
"public","cpq_configuration_references",21,"account_type","text","text",,,,,"YES",,"OPTIONAL",
"public","cpq_configuration_references",22,"company","text","text",,,,,"YES",,"OPTIONAL",
"public","cpq_configuration_references",23,"currency","text","text",,,,,"YES",,"OPTIONAL",
"public","cpq_configuration_references",24,"language","text","text",,,,,"YES",,"OPTIONAL",
"public","cpq_configuration_references",25,"customer_location","text","text",,,,,"YES",,"OPTIONAL",
"public","cpq_configuration_references",26,"application_instance","text","text",,,,,"YES",,"OPTIONAL",
"public","cpq_configuration_references",27,"application_name","text","text",,,,,"YES",,"OPTIONAL",
"public","cpq_configuration_references",28,"finalized_session_id","text","text",,,,,"YES",,"OPTIONAL",
"public","cpq_configuration_references",29,"final_ipn_code","text","text",,,,,"YES",,"OPTIONAL",
"public","cpq_configuration_references",30,"finalize_response_json","jsonb","jsonb",,,,,"NO","'{}'::jsonb","AUTO_OR_DEFAULT_IF_OMITTED",
"public","cpq_country_mappings",1,"id","bigint","int8",,64,0,,"NO","nextval('cpq_country_mappings_id_seq'::regclass)","AUTO_OR_DEFAULT_IF_OMITTED",
"public","cpq_country_mappings",2,"region","text","text",,,,,"NO",,"REQUIRED_ON_INSERT",
"public","cpq_country_mappings",3,"sub_region","text","text",,,,,"NO",,"REQUIRED_ON_INSERT",
"public","cpq_country_mappings",4,"country_code","character","bpchar",2,,,,"NO",,"REQUIRED_ON_INSERT",
"public","cpq_country_mappings",5,"is_active","boolean","bool",,,,,"NO","true","AUTO_OR_DEFAULT_IF_OMITTED",
"public","cpq_country_mappings",6,"created_at","timestamp with time zone","timestamptz",,,,6,"NO","now()","AUTO_OR_DEFAULT_IF_OMITTED",
"public","cpq_country_mappings",7,"updated_at","timestamp with time zone","timestamptz",,,,6,"NO","now()","AUTO_OR_DEFAULT_IF_OMITTED",
"public","cpq_image_management",1,"id","bigint","int8",,64,0,,"NO","nextval('cpq_image_management_id_seq'::regclass)","AUTO_OR_DEFAULT_IF_OMITTED",
"public","cpq_image_management",2,"feature_label","text","text",,,,,"NO",,"REQUIRED_ON_INSERT",
"public","cpq_image_management",3,"option_label","text","text",,,,,"NO",,"REQUIRED_ON_INSERT",
"public","cpq_image_management",4,"option_value","text","text",,,,,"NO",,"REQUIRED_ON_INSERT",
"public","cpq_image_management",5,"picture_link_1","text","text",,,,,"YES",,"OPTIONAL",
"public","cpq_image_management",6,"picture_link_2","text","text",,,,,"YES",,"OPTIONAL",
"public","cpq_image_management",7,"picture_link_3","text","text",,,,,"YES",,"OPTIONAL",
"public","cpq_image_management",8,"picture_link_4","text","text",,,,,"YES",,"OPTIONAL",
"public","cpq_image_management",9,"is_active","boolean","bool",,,,,"NO","true","AUTO_OR_DEFAULT_IF_OMITTED",
"public","cpq_image_management",10,"created_at","timestamp with time zone","timestamptz",,,,6,"NO","now()","AUTO_OR_DEFAULT_IF_OMITTED",
"public","cpq_image_management",11,"updated_at","timestamp with time zone","timestamptz",,,,6,"NO","now()","AUTO_OR_DEFAULT_IF_OMITTED",
"public","cpq_image_management",12,"ignore_during_configure","boolean","bool",,,,,"NO","false","AUTO_OR_DEFAULT_IF_OMITTED",
"public","cpq_image_management",13,"feature_layer_order","integer","int4",,32,0,,"NO","10","AUTO_OR_DEFAULT_IF_OMITTED",
"public","cpq_sampler_result",1,"id","bigint","int8",,64,0,,"NO","nextval('cpq_sampler_result_id_seq'::regclass)","AUTO_OR_DEFAULT_IF_OMITTED",
"public","cpq_sampler_result",2,"ipn_code","text","text",,,,,"YES",,"OPTIONAL",
"public","cpq_sampler_result",3,"ruleset","text","text",,,,,"NO",,"REQUIRED_ON_INSERT",
"public","cpq_sampler_result",4,"account_code","text","text",,,,,"NO",,"REQUIRED_ON_INSERT",
"public","cpq_sampler_result",5,"customer_id","text","text",,,,,"YES",,"OPTIONAL",
"public","cpq_sampler_result",6,"currency","text","text",,,,,"YES",,"OPTIONAL",
"public","cpq_sampler_result",7,"language","text","text",,,,,"YES",,"OPTIONAL",
"public","cpq_sampler_result",8,"country_code","text","text",,,,,"YES",,"OPTIONAL",
"public","cpq_sampler_result",9,"namespace","text","text",,,,,"YES",,"OPTIONAL",
"public","cpq_sampler_result",10,"header_id","text","text",,,,,"YES",,"OPTIONAL",
"public","cpq_sampler_result",11,"detail_id","text","text",,,,,"YES",,"OPTIONAL",
"public","cpq_sampler_result",12,"session_id","text","text",,,,,"YES",,"OPTIONAL",
"public","cpq_sampler_result",13,"json_result","jsonb","jsonb",,,,,"NO","'{}'::jsonb","AUTO_OR_DEFAULT_IF_OMITTED",
"public","cpq_sampler_result",14,"processed_for_image_sync","boolean","bool",,,,,"NO","false","AUTO_OR_DEFAULT_IF_OMITTED",
"public","cpq_sampler_result",15,"processed_for_image_sync_at","timestamp with time zone","timestamptz",,,,6,"YES",,"OPTIONAL",
"public","cpq_sampler_result",16,"created_at","timestamp with time zone","timestamptz",,,,6,"NO","now()","AUTO_OR_DEFAULT_IF_OMITTED",
"public","cpq_sampler_result",17,"active","boolean","bool",,,,,"NO","true","AUTO_OR_DEFAULT_IF_OMITTED",
"public","cpq_sampler_result",18,"updated_at","timestamp with time zone","timestamptz",,,,6,"NO","now()","AUTO_OR_DEFAULT_IF_OMITTED",
"public","cpq_setup_account_context",1,"id","bigint","int8",,64,0,,"NO","nextval('cpq_setup_account_context_id_seq'::regclass)","AUTO_OR_DEFAULT_IF_OMITTED",
"public","cpq_setup_account_context",2,"account_code","text","text",,,,,"NO",,"REQUIRED_ON_INSERT",
"public","cpq_setup_account_context",3,"customer_id","text","text",,,,,"NO",,"REQUIRED_ON_INSERT",
"public","cpq_setup_account_context",4,"currency","text","text",,,,,"NO",,"REQUIRED_ON_INSERT",
"public","cpq_setup_account_context",5,"language","text","text",,,,,"NO",,"REQUIRED_ON_INSERT",
"public","cpq_setup_account_context",6,"country_code","character","bpchar",2,,,,"NO",,"REQUIRED_ON_INSERT",
"public","cpq_setup_account_context",7,"is_active","boolean","bool",,,,,"NO","true","AUTO_OR_DEFAULT_IF_OMITTED",
"public","cpq_setup_account_context",8,"created_at","timestamp with time zone","timestamptz",,,,6,"NO","now()","AUTO_OR_DEFAULT_IF_OMITTED",
"public","cpq_setup_account_context",9,"updated_at","timestamp with time zone","timestamptz",,,,6,"NO","now()","AUTO_OR_DEFAULT_IF_OMITTED",
"public","cpq_setup_account_context",10,"region","text","text",,,,,"YES",,"OPTIONAL",
"public","cpq_setup_account_context",11,"sub_region","text","text",,,,,"YES",,"OPTIONAL",
"public","cpq_setup_ruleset",1,"id","bigint","int8",,64,0,,"NO","nextval('cpq_setup_ruleset_id_seq'::regclass)","AUTO_OR_DEFAULT_IF_OMITTED",
"public","cpq_setup_ruleset",2,"cpq_ruleset","text","text",,,,,"NO",,"REQUIRED_ON_INSERT",
"public","cpq_setup_ruleset",3,"description","text","text",,,,,"YES",,"OPTIONAL",
"public","cpq_setup_ruleset",4,"bike_type","text","text",,,,,"YES",,"OPTIONAL",
"public","cpq_setup_ruleset",5,"namespace","text","text",,,,,"NO","'Default'::text","AUTO_OR_DEFAULT_IF_OMITTED",
"public","cpq_setup_ruleset",6,"header_id","text","text",,,,,"NO","'Simulator'::text","AUTO_OR_DEFAULT_IF_OMITTED",
"public","cpq_setup_ruleset",7,"is_active","boolean","bool",,,,,"NO","true","AUTO_OR_DEFAULT_IF_OMITTED",
"public","cpq_setup_ruleset",8,"sort_order","integer","int4",,32,0,,"NO","0","AUTO_OR_DEFAULT_IF_OMITTED",
"public","cpq_setup_ruleset",9,"created_at","timestamp with time zone","timestamptz",,,,6,"NO","now()","AUTO_OR_DEFAULT_IF_OMITTED",
"public","cpq_setup_ruleset",10,"updated_at","timestamp with time zone","timestamptz",,,,6,"NO","now()","AUTO_OR_DEFAULT_IF_OMITTED",
"public","qpart_compatibility_reference_values",1,"id","bigint","int8",,64,0,,"NO","nextval('qpart_compatibility_reference_values_id_seq'::regclass)","AUTO_OR_DEFAULT_IF_OMITTED",
"public","qpart_compatibility_reference_values",2,"bike_type","text","text",,,,,"NO",,"REQUIRED_ON_INSERT",
"public","qpart_compatibility_reference_values",3,"feature_label","text","text",,,,,"NO",,"REQUIRED_ON_INSERT",
"public","qpart_compatibility_reference_values",4,"option_value","text","text",,,,,"NO",,"REQUIRED_ON_INSERT",
"public","qpart_compatibility_reference_values",5,"option_label","text","text",,,,,"YES",,"OPTIONAL",
"public","qpart_compatibility_reference_values",6,"is_active","boolean","bool",,,,,"NO","true","AUTO_OR_DEFAULT_IF_OMITTED",
"public","qpart_compatibility_reference_values",7,"created_at","timestamp with time zone","timestamptz",,,,6,"NO","now()","AUTO_OR_DEFAULT_IF_OMITTED",
"public","qpart_compatibility_reference_values",8,"updated_at","timestamp with time zone","timestamptz",,,,6,"NO","now()","AUTO_OR_DEFAULT_IF_OMITTED",
"public","qpart_country_allocation",1,"id","bigint","int8",,64,0,,"NO","nextval('qpart_country_allocation_id_seq'::regclass)","AUTO_OR_DEFAULT_IF_OMITTED",
"public","qpart_country_allocation",2,"part_id","bigint","int8",,64,0,,"NO",,"REQUIRED_ON_INSERT",
"public","qpart_country_allocation",3,"country_code","character","bpchar",2,,,,"NO",,"REQUIRED_ON_INSERT",
"public","qpart_country_allocation",4,"active","boolean","bool",,,,,"NO","false","AUTO_OR_DEFAULT_IF_OMITTED",
"public","qpart_country_allocation",5,"created_at","timestamp with time zone","timestamptz",,,,6,"NO","now()","AUTO_OR_DEFAULT_IF_OMITTED",
"public","qpart_country_allocation",6,"updated_at","timestamp with time zone","timestamptz",,,,6,"NO","now()","AUTO_OR_DEFAULT_IF_OMITTED",
"public","qpart_hierarchy_nodes",1,"id","bigint","int8",,64,0,,"NO","nextval('qpart_hierarchy_nodes_id_seq'::regclass)","AUTO_OR_DEFAULT_IF_OMITTED",
"public","qpart_hierarchy_nodes",2,"level","smallint","int2",,16,0,,"NO",,"REQUIRED_ON_INSERT",
"public","qpart_hierarchy_nodes",3,"code","text","text",,,,,"NO",,"REQUIRED_ON_INSERT",
"public","qpart_hierarchy_nodes",4,"label_en","text","text",,,,,"NO",,"REQUIRED_ON_INSERT",
"public","qpart_hierarchy_nodes",5,"parent_id","bigint","int8",,64,0,,"YES",,"OPTIONAL",
"public","qpart_hierarchy_nodes",6,"is_active","boolean","bool",,,,,"NO","true","AUTO_OR_DEFAULT_IF_OMITTED",
"public","qpart_hierarchy_nodes",7,"created_at","timestamp with time zone","timestamptz",,,,6,"NO","now()","AUTO_OR_DEFAULT_IF_OMITTED",
"public","qpart_hierarchy_nodes",8,"updated_at","timestamp with time zone","timestamptz",,,,6,"NO","now()","AUTO_OR_DEFAULT_IF_OMITTED",
"public","qpart_metadata_definitions",1,"id","bigint","int8",,64,0,,"NO","nextval('qpart_metadata_definitions_id_seq'::regclass)","AUTO_OR_DEFAULT_IF_OMITTED",
"public","qpart_metadata_definitions",2,"key","text","text",,,,,"NO",,"REQUIRED_ON_INSERT",
"public","qpart_metadata_definitions",3,"label_en","text","text",,,,,"NO",,"REQUIRED_ON_INSERT",
"public","qpart_metadata_definitions",4,"field_type","text","text",,,,,"NO",,"REQUIRED_ON_INSERT",
"public","qpart_metadata_definitions",5,"is_translatable","boolean","bool",,,,,"NO","false","AUTO_OR_DEFAULT_IF_OMITTED",
"public","qpart_metadata_definitions",6,"is_required","boolean","bool",,,,,"NO","false","AUTO_OR_DEFAULT_IF_OMITTED",
"public","qpart_metadata_definitions",7,"is_active","boolean","bool",,,,,"NO","true","AUTO_OR_DEFAULT_IF_OMITTED",
"public","qpart_metadata_definitions",8,"display_order","integer","int4",,32,0,,"NO","100","AUTO_OR_DEFAULT_IF_OMITTED",
"public","qpart_metadata_definitions",9,"validation_json","jsonb","jsonb",,,,,"NO","'{}'::jsonb","AUTO_OR_DEFAULT_IF_OMITTED",
"public","qpart_metadata_definitions",10,"options_json","jsonb","jsonb",,,,,"NO","'[]'::jsonb","AUTO_OR_DEFAULT_IF_OMITTED",
"public","qpart_metadata_definitions",11,"created_at","timestamp with time zone","timestamptz",,,,6,"NO","now()","AUTO_OR_DEFAULT_IF_OMITTED",
"public","qpart_metadata_definitions",12,"updated_at","timestamp with time zone","timestamptz",,,,6,"NO","now()","AUTO_OR_DEFAULT_IF_OMITTED",
"public","qpart_part_bike_type_compatibility",1,"id","bigint","int8",,64,0,,"NO","nextval('qpart_part_bike_type_compatibility_id_seq'::regclass)","AUTO_OR_DEFAULT_IF_OMITTED",
"public","qpart_part_bike_type_compatibility",2,"part_id","bigint","int8",,64,0,,"NO",,"REQUIRED_ON_INSERT",
"public","qpart_part_bike_type_compatibility",3,"bike_type","text","text",,,,,"NO",,"REQUIRED_ON_INSERT",
"public","qpart_part_bike_type_compatibility",4,"created_at","timestamp with time zone","timestamptz",,,,6,"NO","now()","AUTO_OR_DEFAULT_IF_OMITTED",
"public","qpart_part_bike_type_compatibility",5,"updated_at","timestamp with time zone","timestamptz",,,,6,"NO","now()","AUTO_OR_DEFAULT_IF_OMITTED",
"public","qpart_part_channel_assignment",1,"id","bigint","int8",,64,0,,"NO","nextval('qpart_part_channel_assignment_id_seq'::regclass)","AUTO_OR_DEFAULT_IF_OMITTED",
"public","qpart_part_channel_assignment",2,"part_id","bigint","int8",,64,0,,"NO",,"REQUIRED_ON_INSERT",
"public","qpart_part_channel_assignment",3,"channel","text","text",,,,,"NO",,"REQUIRED_ON_INSERT",
"public","qpart_part_channel_assignment",4,"created_at","timestamp with time zone","timestamptz",,,,6,"NO","now()","AUTO_OR_DEFAULT_IF_OMITTED",
"public","qpart_part_channel_assignment",5,"updated_at","timestamp with time zone","timestamptz",,,,6,"NO","now()","AUTO_OR_DEFAULT_IF_OMITTED",
"public","qpart_part_compatibility_rules",1,"id","bigint","int8",,64,0,,"NO","nextval('qpart_part_compatibility_rules_id_seq'::regclass)","AUTO_OR_DEFAULT_IF_OMITTED",
"public","qpart_part_compatibility_rules",2,"part_id","bigint","int8",,64,0,,"NO",,"REQUIRED_ON_INSERT",
"public","qpart_part_compatibility_rules",3,"bike_type","text","text",,,,,"NO",,"REQUIRED_ON_INSERT",
"public","qpart_part_compatibility_rules",4,"feature_label","text","text",,,,,"NO",,"REQUIRED_ON_INSERT",
"public","qpart_part_compatibility_rules",5,"option_value","text","text",,,,,"NO",,"REQUIRED_ON_INSERT",
"public","qpart_part_compatibility_rules",6,"option_label","text","text",,,,,"YES",,"OPTIONAL",
"public","qpart_part_compatibility_rules",7,"source","text","text",,,,,"NO","'derived'::text","AUTO_OR_DEFAULT_IF_OMITTED",
"public","qpart_part_compatibility_rules",8,"is_active","boolean","bool",,,,,"NO","true","AUTO_OR_DEFAULT_IF_OMITTED",
"public","qpart_part_compatibility_rules",9,"created_at","timestamp with time zone","timestamptz",,,,6,"NO","now()","AUTO_OR_DEFAULT_IF_OMITTED",
"public","qpart_part_compatibility_rules",10,"updated_at","timestamp with time zone","timestamptz",,,,6,"NO","now()","AUTO_OR_DEFAULT_IF_OMITTED",
"public","qpart_part_images",1,"id","bigint","int8",,64,0,,"NO","nextval('qpart_part_images_id_seq'::regclass)","AUTO_OR_DEFAULT_IF_OMITTED",
"public","qpart_part_images",2,"part_id","bigint","int8",,64,0,,"NO",,"REQUIRED_ON_INSERT",
"public","qpart_part_images",3,"part_number","text","text",,,,,"NO",,"REQUIRED_ON_INSERT",
"public","qpart_part_images",4,"blob_url","text","text",,,,,"NO",,"REQUIRED_ON_INSERT",
"public","qpart_part_images",5,"blob_path","text","text",,,,,"NO",,"REQUIRED_ON_INSERT",
"public","qpart_part_images",6,"mime_type","text","text",,,,,"NO","'image/jpeg'::text","AUTO_OR_DEFAULT_IF_OMITTED",
"public","qpart_part_images",7,"file_size_bytes","bigint","int8",,64,0,,"NO",,"REQUIRED_ON_INSERT",
"public","qpart_part_images",8,"created_at","timestamp with time zone","timestamptz",,,,6,"NO","now()","AUTO_OR_DEFAULT_IF_OMITTED",
"public","qpart_part_images",9,"updated_at","timestamp with time zone","timestamptz",,,,6,"NO","now()","AUTO_OR_DEFAULT_IF_OMITTED",
"public","qpart_part_images",10,"image_index","integer","int4",,32,0,,"NO","0","AUTO_OR_DEFAULT_IF_OMITTED",
"public","qpart_part_images",11,"is_primary","boolean","bool",,,,,"NO","false","AUTO_OR_DEFAULT_IF_OMITTED",
"public","qpart_part_metadata_values",1,"id","bigint","int8",,64,0,,"NO","nextval('qpart_part_metadata_values_id_seq'::regclass)","AUTO_OR_DEFAULT_IF_OMITTED",
"public","qpart_part_metadata_values",2,"part_id","bigint","int8",,64,0,,"NO",,"REQUIRED_ON_INSERT",
"public","qpart_part_metadata_values",3,"metadata_definition_id","bigint","int8",,64,0,,"NO",,"REQUIRED_ON_INSERT",
"public","qpart_part_metadata_values",4,"locale","text","text",,,,,"NO","'en-GB'::text","AUTO_OR_DEFAULT_IF_OMITTED",
"public","qpart_part_metadata_values",5,"value_text","text","text",,,,,"YES",,"OPTIONAL",
"public","qpart_part_metadata_values",6,"value_number","numeric","numeric",,,,,"YES",,"OPTIONAL",
"public","qpart_part_metadata_values",7,"value_boolean","boolean","bool",,,,,"YES",,"OPTIONAL",
"public","qpart_part_metadata_values",8,"value_date","date","date",,,,0,"YES",,"OPTIONAL",
"public","qpart_part_metadata_values",9,"value_json","jsonb","jsonb",,,,,"YES",,"OPTIONAL",
"public","qpart_part_metadata_values",10,"created_at","timestamp with time zone","timestamptz",,,,6,"NO","now()","AUTO_OR_DEFAULT_IF_OMITTED",
"public","qpart_part_metadata_values",11,"updated_at","timestamp with time zone","timestamptz",,,,6,"NO","now()","AUTO_OR_DEFAULT_IF_OMITTED",
"public","qpart_part_translations",1,"id","bigint","int8",,64,0,,"NO","nextval('qpart_part_translations_id_seq'::regclass)","AUTO_OR_DEFAULT_IF_OMITTED",
"public","qpart_part_translations",2,"part_id","bigint","int8",,64,0,,"NO",,"REQUIRED_ON_INSERT",
"public","qpart_part_translations",3,"locale","text","text",,,,,"NO",,"REQUIRED_ON_INSERT",
"public","qpart_part_translations",4,"name","text","text",,,,,"YES",,"OPTIONAL",
"public","qpart_part_translations",5,"description","text","text",,,,,"YES",,"OPTIONAL",
"public","qpart_part_translations",6,"created_at","timestamp with time zone","timestamptz",,,,6,"NO","now()","AUTO_OR_DEFAULT_IF_OMITTED",
"public","qpart_part_translations",7,"updated_at","timestamp with time zone","timestamptz",,,,6,"NO","now()","AUTO_OR_DEFAULT_IF_OMITTED",
"public","qpart_parts",1,"id","bigint","int8",,64,0,,"NO","nextval('qpart_parts_id_seq'::regclass)","AUTO_OR_DEFAULT_IF_OMITTED",
"public","qpart_parts",2,"part_number","text","text",,,,,"NO",,"REQUIRED_ON_INSERT",
"public","qpart_parts",3,"status","text","text",,,,,"NO","'active'::text","AUTO_OR_DEFAULT_IF_OMITTED",
"public","qpart_parts",4,"default_name","text","text",,,,,"NO",,"REQUIRED_ON_INSERT",
"public","qpart_parts",5,"default_description","text","text",,,,,"YES",,"OPTIONAL",
"public","qpart_parts",6,"hierarchy_node_id","bigint","int8",,64,0,,"YES",,"OPTIONAL",
"public","qpart_parts",7,"created_by","text","text",,,,,"YES",,"OPTIONAL",
"public","qpart_parts",8,"updated_by","text","text",,,,,"YES",,"OPTIONAL",
"public","qpart_parts",9,"created_at","timestamp with time zone","timestamptz",,,,6,"NO","now()","AUTO_OR_DEFAULT_IF_OMITTED",
"public","qpart_parts",10,"updated_at","timestamp with time zone","timestamptz",,,,6,"NO","now()","AUTO_OR_DEFAULT_IF_OMITTED",
